ImageId,ClassName
1 (1).jpg,Angry
1 (10).jpg,Angry
1 (2).jpg,Angry
1 (3).jpg,Angry
1 (4).jpg,Angry
1 (5).jpg,Angry
1 (6).jpg,Angry
1 (7).jpg,Angry
1 (8).jpg,Angry
1 (9).jpg,Angry
2 (1).jpg,Happy
2 (10).jpg,Happy
2 (11).jpg,Happy
2 (2).jpg,Happy
2 (3).jpg,Happy
2 (4).jpg,Happy
2 (5).jpg,Happy
2 (6).jpg,Happy
2 (7).jpg,Happy
2 (8).jpg,Happy
2 (9).jpg,Happy
3 (1).jpg,Other
3 (2).jpg,Other
3 (3).jpg,Other
3 (4).jpg,Other
3 (5).jpg,Other
3 (6).jpg,Other
4 (1).jpg,Sad
4 (10).jpg,Sad
4 (11).jpg,Sad
4 (2).jpg,Sad
4 (3).jpg,Sad
4 (4).jpg,Sad
4 (5).jpg,Sad
4 (6).jpg,Sad
4 (7).jpg,Sad
4 (8).jpg,Sad
4 (9).jpg,Sad
5 (1).jpg,Angry
5 (10).jpg,Angry
5 (100).jpg,Angry
5 (101).jpg,Angry
5 (102).jpg,Angry
5 (103).jpg,Angry
5 (104).jpg,Angry
5 (105).jpg,Angry
5 (106).jpg,Angry
5 (107).jpg,Angry
5 (108).jpg,Angry
5 (109).jpg,Angry
5 (11).jpg,Angry
5 (110).jpg,Angry
5 (111).jpg,Angry
5 (112).jpg,Angry
5 (113).jpg,Angry
5 (114).jpg,Angry
5 (115).jpg,Angry
5 (116).jpg,Angry
5 (117).jpg,Angry
5 (118).jpg,Angry
5 (119).jpg,Angry
5 (12).jpg,Angry
5 (120).jpg,Angry
5 (121).jpg,Angry
5 (122).jpg,Angry
5 (123).jpg,Angry
5 (124).jpg,Angry
5 (125).jpg,Angry
5 (126).jpg,Angry
5 (127).jpg,Angry
5 (128).jpg,Angry
5 (129).jpg,Angry
5 (13).jpg,Angry
5 (130).jpg,Angry
5 (131).jpg,Angry
5 (132).jpg,Angry
5 (133).jpg,Angry
5 (134).jpg,Angry
5 (135).jpg,Angry
5 (136).jpg,Angry
5 (137).jpg,Angry
5 (138).jpg,Angry
5 (139).jpg,Angry
5 (14).jpg,Angry
5 (140).jpg,Angry
5 (141).jpg,Angry
5 (142).jpg,Angry
5 (143).jpg,Angry
5 (144).jpg,Angry
5 (145).jpg,Angry
5 (146).jpg,Angry
5 (147).jpg,Angry
5 (148).jpg,Angry
5 (149).jpg,Angry
5 (15).jpg,Angry
5 (150).jpg,Angry
5 (151).jpg,Angry
5 (152).jpg,Angry
5 (153).jpg,Angry
5 (154).jpg,Angry
5 (155).jpg,Angry
5 (156).jpg,Angry
5 (157).jpg,Angry
5 (158).jpg,Angry
5 (159).jpg,Angry
5 (16).jpg,Angry
5 (160).jpg,Angry
5 (161).jpg,Angry
5 (162).jpg,Angry
5 (163).jpg,Angry
5 (164).jpg,Angry
5 (165).jpg,Angry
5 (166).jpg,Angry
5 (167).jpg,Angry
5 (168).jpg,Angry
5 (169).jpg,Angry
5 (17).jpg,Angry
5 (170).jpg,Angry
5 (171).jpg,Angry
5 (172).jpg,Angry
5 (173).jpg,Angry
5 (174).jpg,Angry
5 (175).jpg,Angry
5 (176).jpg,Angry
5 (177).jpg,Angry
5 (178).jpg,Angry
5 (179).jpg,Angry
5 (18).jpg,Angry
5 (180).jpg,Angry
5 (181).jpg,Angry
5 (182).jpg,Angry
5 (183).jpg,Angry
5 (184).jpg,Angry
5 (185).jpg,Angry
5 (186).jpg,Angry
5 (187).jpg,Angry
5 (188).jpg,Angry
5 (189).jpg,Angry
5 (19).jpg,Angry
5 (190).jpg,Angry
5 (191).jpg,Angry
5 (192).jpg,Angry
5 (193).jpg,Angry
5 (194).jpg,Angry
5 (195).jpg,Angry
5 (196).jpg,Angry
5 (197).jpg,Angry
5 (198).jpg,Angry
5 (199).jpg,Angry
5 (2).jpg,Angry
5 (20).jpg,Angry
5 (200).jpg,Angry
5 (201).jpg,Angry
5 (202).jpg,Angry
5 (203).jpg,Angry
5 (204).jpg,Angry
5 (205).jpg,Angry
5 (206).jpg,Angry
5 (207).jpg,Angry
5 (208).jpg,Angry
5 (209).jpg,Angry
5 (21).jpg,Angry
5 (210).jpg,Angry
5 (211).jpg,Angry
5 (212).jpg,Angry
5 (213).jpg,Angry
5 (214).jpg,Angry
5 (215).jpg,Angry
5 (216).jpg,Angry
5 (217).jpg,Angry
5 (218).jpg,Angry
5 (219).jpg,Angry
5 (22).jpg,Angry
5 (220).jpg,Angry
5 (221).jpg,Angry
5 (222).jpg,Angry
5 (223).jpg,Angry
5 (224).jpg,Angry
5 (225).jpg,Angry
5 (226).jpg,Angry
5 (227).jpg,Angry
5 (228).jpg,Angry
5 (229).jpg,Angry
5 (23).jpg,Angry
5 (230).jpg,Angry
5 (231).jpg,Angry
5 (232).jpg,Angry
5 (233).jpg,Angry
5 (234).jpg,Angry
5 (235).jpg,Angry
5 (236).jpg,Angry
5 (237).jpg,Angry
5 (238).jpg,Angry
5 (239).jpg,Angry
5 (24).jpg,Angry
5 (240).jpg,Angry
5 (241).jpg,Angry
5 (242).jpg,Angry
5 (243).jpg,Angry
5 (244).jpg,Angry
5 (245).jpg,Angry
5 (246).jpg,Angry
5 (247).jpg,Angry
5 (248).jpg,Angry
5 (249).jpg,Angry
5 (25).jpg,Angry
5 (250).jpg,Angry
5 (26).jpg,Angry
5 (27).jpg,Angry
5 (28).jpg,Angry
5 (29).jpg,Angry
5 (3).jpg,Angry
5 (30).jpg,Angry
5 (31).jpg,Angry
5 (32).jpg,Angry
5 (33).jpg,Angry
5 (34).jpg,Angry
5 (35).jpg,Angry
5 (36).jpg,Angry
5 (37).jpg,Angry
5 (38).jpg,Angry
5 (39).jpg,Angry
5 (4).jpg,Angry
5 (40).jpg,Angry
5 (41).jpg,Angry
5 (42).jpg,Angry
5 (43).jpg,Angry
5 (44).jpg,Angry
5 (45).jpg,Angry
5 (46).jpg,Angry
5 (47).jpg,Angry
5 (48).jpg,Angry
5 (49).jpg,Angry
5 (5).jpg,Angry
5 (50).jpg,Angry
5 (51).jpg,Angry
5 (52).jpg,Angry
5 (53).jpg,Angry
5 (54).jpg,Angry
5 (55).jpg,Angry
5 (56).jpg,Angry
5 (57).jpg,Angry
5 (58).jpg,Angry
5 (59).jpg,Angry
5 (6).jpg,Angry
5 (60).jpg,Angry
5 (61).jpg,Angry
5 (62).jpg,Angry
5 (63).jpg,Angry
5 (64).jpg,Angry
5 (65).jpg,Angry
5 (66).jpg,Angry
5 (67).jpg,Angry
5 (68).jpg,Angry
5 (69).jpg,Angry
5 (7).jpg,Angry
5 (70).jpg,Angry
5 (71).jpg,Angry
5 (72).jpg,Angry
5 (73).jpg,Angry
5 (74).jpg,Angry
5 (75).jpg,Angry
5 (76).jpg,Angry
5 (77).jpg,Angry
5 (78).jpg,Angry
5 (79).jpg,Angry
5 (8).jpg,Angry
5 (80).jpg,Angry
5 (81).jpg,Angry
5 (82).jpg,Angry
5 (83).jpg,Angry
5 (84).jpg,Angry
5 (85).jpg,Angry
5 (86).jpg,Angry
5 (87).jpg,Angry
5 (88).jpg,Angry
5 (89).jpg,Angry
5 (9).jpg,Angry
5 (90).jpg,Angry
5 (91).jpg,Angry
5 (92).jpg,Angry
5 (93).jpg,Angry
5 (94).jpg,Angry
5 (95).jpg,Angry
5 (96).jpg,Angry
5 (97).jpg,Angry
5 (98).jpg,Angry
5 (99).jpg,Angry
6 (1).jpg,Happy
6 (10).jpg,Happy
6 (100).jpg,Happy
6 (101).jpg,Happy
6 (102).jpg,Happy
6 (103).jpg,Happy
6 (104).jpg,Happy
6 (105).jpg,Happy
6 (106).jpg,Happy
6 (107).jpg,Happy
6 (108).jpg,Happy
6 (109).jpg,Happy
6 (11).jpg,Happy
6 (110).jpg,Happy
6 (111).jpg,Happy
6 (112).jpg,Happy
6 (113).jpg,Happy
6 (114).jpg,Happy
6 (115).jpg,Happy
6 (116).jpg,Happy
6 (117).jpg,Happy
6 (118).jpg,Happy
6 (119).jpg,Happy
6 (12).jpg,Happy
6 (120).jpg,Happy
6 (121).jpg,Happy
6 (122).jpg,Happy
6 (123).jpg,Happy
6 (124).jpg,Happy
6 (125).jpg,Happy
6 (126).jpg,Happy
6 (127).jpg,Happy
6 (128).jpg,Happy
6 (129).jpg,Happy
6 (13).jpg,Happy
6 (130).jpg,Happy
6 (131).jpg,Happy
6 (132).jpg,Happy
6 (133).jpg,Happy
6 (134).jpg,Happy
6 (135).jpg,Happy
6 (136).jpg,Happy
6 (137).jpg,Happy
6 (138).jpg,Happy
6 (139).jpg,Happy
6 (14).jpg,Happy
6 (140).jpg,Happy
6 (141).jpg,Happy
6 (142).jpg,Happy
6 (143).jpg,Happy
6 (144).jpg,Happy
6 (145).jpg,Happy
6 (146).jpg,Happy
6 (147).jpg,Happy
6 (148).jpg,Happy
6 (149).jpg,Happy
6 (15).jpg,Happy
6 (150).jpg,Happy
6 (151).jpg,Happy
6 (152).jpg,Happy
6 (153).jpg,Happy
6 (154).jpg,Happy
6 (155).jpg,Happy
6 (156).jpg,Happy
6 (157).jpg,Happy
6 (158).jpg,Happy
6 (159).jpg,Happy
6 (16).jpg,Happy
6 (160).jpg,Happy
6 (161).jpg,Happy
6 (162).jpg,Happy
6 (163).jpg,Happy
6 (164).jpg,Happy
6 (165).jpg,Happy
6 (166).jpg,Happy
6 (167).jpg,Happy
6 (168).jpg,Happy
6 (169).jpg,Happy
6 (17).jpg,Happy
6 (170).jpg,Happy
6 (171).jpg,Happy
6 (172).jpg,Happy
6 (173).jpg,Happy
6 (174).jpg,Happy
6 (175).jpg,Happy
6 (176).jpg,Happy
6 (177).jpg,Happy
6 (178).jpg,Happy
6 (179).jpg,Happy
6 (18).jpg,Happy
6 (180).jpg,Happy
6 (181).jpg,Happy
6 (182).jpg,Happy
6 (183).jpg,Happy
6 (184).jpg,Happy
6 (185).jpg,Happy
6 (186).jpg,Happy
6 (187).jpg,Happy
6 (188).jpg,Happy
6 (189).jpg,Happy
6 (19).jpg,Happy
6 (190).jpg,Happy
6 (191).jpg,Happy
6 (192).jpg,Happy
6 (193).jpg,Happy
6 (194).jpg,Happy
6 (195).jpg,Happy
6 (196).jpg,Happy
6 (197).jpg,Happy
6 (198).jpg,Happy
6 (199).jpg,Happy
6 (2).jpg,Happy
6 (20).jpg,Happy
6 (200).jpg,Happy
6 (201).jpg,Happy
6 (202).jpg,Happy
6 (203).jpg,Happy
6 (204).jpg,Happy
6 (205).jpg,Happy
6 (206).jpg,Happy
6 (207).jpg,Happy
6 (208).jpg,Happy
6 (209).jpg,Happy
6 (21).jpg,Happy
6 (210).jpg,Happy
6 (211).jpg,Happy
6 (212).jpg,Happy
6 (213).jpg,Happy
6 (214).jpg,Happy
6 (215).jpg,Happy
6 (216).jpg,Happy
6 (217).jpg,Happy
6 (218).jpg,Happy
6 (219).jpg,Happy
6 (22).jpg,Happy
6 (220).jpg,Happy
6 (221).jpg,Happy
6 (222).jpg,Happy
6 (223).jpg,Happy
6 (224).jpg,Happy
6 (225).jpg,Happy
6 (226).jpg,Happy
6 (227).jpg,Happy
6 (228).jpg,Happy
6 (229).jpg,Happy
6 (23).jpg,Happy
6 (230).jpg,Happy
6 (231).jpg,Happy
6 (232).jpg,Happy
6 (233).jpg,Happy
6 (234).jpg,Happy
6 (235).jpg,Happy
6 (236).jpg,Happy
6 (237).jpg,Happy
6 (238).jpg,Happy
6 (239).jpg,Happy
6 (24).jpg,Happy
6 (240).jpg,Happy
6 (241).jpg,Happy
6 (242).jpg,Happy
6 (243).jpg,Happy
6 (244).jpg,Happy
6 (245).jpg,Happy
6 (246).jpg,Happy
6 (247).jpg,Happy
6 (248).jpg,Happy
6 (249).jpg,Happy
6 (25).jpg,Happy
6 (250).jpg,Happy
6 (26).jpg,Happy
6 (27).jpg,Happy
6 (28).jpg,Happy
6 (29).jpg,Happy
6 (3).jpg,Happy
6 (30).jpg,Happy
6 (31).jpg,Happy
6 (32).jpg,Happy
6 (33).jpg,Happy
6 (34).jpg,Happy
6 (35).jpg,Happy
6 (36).jpg,Happy
6 (37).jpg,Happy
6 (38).jpg,Happy
6 (39).jpg,Happy
6 (4).jpg,Happy
6 (40).jpg,Happy
6 (41).jpg,Happy
6 (42).jpg,Happy
6 (43).jpg,Happy
6 (44).jpg,Happy
6 (45).jpg,Happy
6 (46).jpg,Happy
6 (47).jpg,Happy
6 (48).jpg,Happy
6 (49).jpg,Happy
6 (5).jpg,Happy
6 (50).jpg,Happy
6 (51).jpg,Happy
6 (52).jpg,Happy
6 (53).jpg,Happy
6 (54).jpg,Happy
6 (55).jpg,Happy
6 (56).jpg,Happy
6 (57).jpg,Happy
6 (58).jpg,Happy
6 (59).jpg,Happy
6 (6).jpg,Happy
6 (60).jpg,Happy
6 (61).jpg,Happy
6 (62).jpg,Happy
6 (63).jpg,Happy
6 (64).jpg,Happy
6 (65).jpg,Happy
6 (66).jpg,Happy
6 (67).jpg,Happy
6 (68).jpg,Happy
6 (69).jpg,Happy
6 (7).jpg,Happy
6 (70).jpg,Happy
6 (71).jpg,Happy
6 (72).jpg,Happy
6 (73).jpg,Happy
6 (74).jpg,Happy
6 (75).jpg,Happy
6 (76).jpg,Happy
6 (77).jpg,Happy
6 (78).jpg,Happy
6 (79).jpg,Happy
6 (8).jpg,Happy
6 (80).jpg,Happy
6 (81).jpg,Happy
6 (82).jpg,Happy
6 (83).jpg,Happy
6 (84).jpg,Happy
6 (85).jpg,Happy
6 (86).jpg,Happy
6 (87).jpg,Happy
6 (88).jpg,Happy
6 (89).jpg,Happy
6 (9).jpg,Happy
6 (90).jpg,Happy
6 (91).jpg,Happy
6 (92).jpg,Happy
6 (93).jpg,Happy
6 (94).jpg,Happy
6 (95).jpg,Happy
6 (96).jpg,Happy
6 (97).jpg,Happy
6 (98).jpg,Happy
6 (99).jpg,Happy
7 (1).jpg,Other
7 (10).jpg,Other
7 (100).jpg,Other
7 (101).jpg,Other
7 (102).jpg,Other
7 (103).jpg,Other
7 (104).jpg,Other
7 (105).jpg,Other
7 (106).jpg,Other
7 (107).jpg,Other
7 (108).jpg,Other
7 (109).jpg,Other
7 (11).jpg,Other
7 (110).jpg,Other
7 (111).jpg,Other
7 (112).jpg,Other
7 (113).jpg,Other
7 (114).jpg,Other
7 (115).jpg,Other
7 (116).jpg,Other
7 (117).jpg,Other
7 (118).jpg,Other
7 (119).jpg,Other
7 (12).jpg,Other
7 (120).jpg,Other
7 (121).jpg,Other
7 (122).jpg,Other
7 (123).jpg,Other
7 (124).jpg,Other
7 (125).jpg,Other
7 (126).jpg,Other
7 (127).jpg,Other
7 (128).jpg,Other
7 (129).jpg,Other
7 (13).jpg,Other
7 (130).jpg,Other
7 (131).jpg,Other
7 (132).jpg,Other
7 (133).jpg,Other
7 (134).jpg,Other
7 (135).jpg,Other
7 (136).jpg,Other
7 (137).jpg,Other
7 (138).jpg,Other
7 (139).jpg,Other
7 (14).jpg,Other
7 (140).jpg,Other
7 (141).jpg,Other
7 (142).jpg,Other
7 (143).jpg,Other
7 (144).jpg,Other
7 (145).jpg,Other
7 (146).jpg,Other
7 (147).jpg,Other
7 (148).jpg,Other
7 (149).jpg,Other
7 (15).jpg,Other
7 (150).jpg,Other
7 (151).jpg,Other
7 (152).jpg,Other
7 (153).jpg,Other
7 (154).jpg,Other
7 (155).jpg,Other
7 (156).jpg,Other
7 (157).jpg,Other
7 (158).jpg,Other
7 (159).jpg,Other
7 (16).jpg,Other
7 (160).jpg,Other
7 (161).jpg,Other
7 (162).jpg,Other
7 (163).jpg,Other
7 (164).jpg,Other
7 (165).jpg,Other
7 (166).jpg,Other
7 (167).jpg,Other
7 (168).jpg,Other
7 (169).jpg,Other
7 (17).jpg,Other
7 (170).jpg,Other
7 (171).jpg,Other
7 (172).jpg,Other
7 (173).jpg,Other
7 (174).jpg,Other
7 (175).jpg,Other
7 (176).jpg,Other
7 (177).jpg,Other
7 (178).jpg,Other
7 (179).jpg,Other
7 (18).jpg,Other
7 (180).jpg,Other
7 (181).jpg,Other
7 (182).jpg,Other
7 (183).jpg,Other
7 (184).jpg,Other
7 (185).jpg,Other
7 (186).jpg,Other
7 (187).jpg,Other
7 (188).jpg,Other
7 (189).jpg,Other
7 (19).jpg,Other
7 (190).jpg,Other
7 (191).jpg,Other
7 (192).jpg,Other
7 (193).jpg,Other
7 (194).jpg,Other
7 (195).jpg,Other
7 (196).jpg,Other
7 (197).jpg,Other
7 (198).jpg,Other
7 (199).jpg,Other
7 (2).jpg,Other
7 (20).jpg,Other
7 (200).jpg,Other
7 (201).jpg,Other
7 (202).jpg,Other
7 (203).jpg,Other
7 (204).jpg,Other
7 (205).jpg,Other
7 (206).jpg,Other
7 (207).jpg,Other
7 (208).jpg,Other
7 (209).jpg,Other
7 (21).jpg,Other
7 (210).jpg,Other
7 (211).jpg,Other
7 (212).jpg,Other
7 (213).jpg,Other
7 (214).jpg,Other
7 (215).jpg,Other
7 (216).jpg,Other
7 (22).jpg,Other
7 (23).jpg,Other
7 (24).jpg,Other
7 (25).jpg,Other
7 (26).jpg,Other
7 (27).jpg,Other
7 (28).jpg,Other
7 (29).jpg,Other
7 (3).jpg,Other
7 (30).jpg,Other
7 (31).jpg,Other
7 (32).jpg,Other
7 (33).jpg,Other
7 (34).jpg,Other
7 (35).jpg,Other
7 (36).jpg,Other
7 (37).jpg,Other
7 (38).jpg,Other
7 (39).jpg,Other
7 (4).jpg,Other
7 (40).jpg,Other
7 (41).jpg,Other
7 (42).jpg,Other
7 (43).jpg,Other
7 (44).jpg,Other
7 (45).jpg,Other
7 (46).jpg,Other
7 (47).jpg,Other
7 (48).jpg,Other
7 (49).jpg,Other
7 (5).jpg,Other
7 (50).jpg,Other
7 (51).jpg,Other
7 (52).jpg,Other
7 (53).jpg,Other
7 (54).jpg,Other
7 (55).jpg,Other
7 (56).jpg,Other
7 (57).jpg,Other
7 (58).jpg,Other
7 (59).jpg,Other
7 (6).jpg,Other
7 (60).jpg,Other
7 (61).jpg,Other
7 (62).jpg,Other
7 (63).jpg,Other
7 (64).jpg,Other
7 (65).jpg,Other
7 (66).jpg,Other
7 (67).jpg,Other
7 (68).jpg,Other
7 (69).jpg,Other
7 (7).jpg,Other
7 (70).jpg,Other
7 (71).jpg,Other
7 (72).jpg,Other
7 (73).jpg,Other
7 (74).jpg,Other
7 (75).jpg,Other
7 (76).jpg,Other
7 (77).jpg,Other
7 (78).jpg,Other
7 (79).jpg,Other
7 (8).jpg,Other
7 (80).jpg,Other
7 (81).jpg,Other
7 (82).jpg,Other
7 (83).jpg,Other
7 (84).jpg,Other
7 (85).jpg,Other
7 (86).jpg,Other
7 (87).jpg,Other
7 (88).jpg,Other
7 (89).jpg,Other
7 (9).jpg,Other
7 (90).jpg,Other
7 (91).jpg,Other
7 (92).jpg,Other
7 (93).jpg,Other
7 (94).jpg,Other
7 (95).jpg,Other
7 (96).jpg,Other
7 (97).jpg,Other
7 (98).jpg,Other
7 (99).jpg,Other
8 (1).jpg,Sad
8 (10).jpg,Sad
8 (100).jpg,Sad
8 (101).jpg,Sad
8 (102).jpg,Sad
8 (103).jpg,Sad
8 (104).jpg,Sad
8 (105).jpg,Sad
8 (106).jpg,Sad
8 (107).jpg,Sad
8 (108).jpg,Sad
8 (109).jpg,Sad
8 (11).jpg,Sad
8 (110).jpg,Sad
8 (111).jpg,Sad
8 (112).jpg,Sad
8 (113).jpg,Sad
8 (114).jpg,Sad
8 (115).jpg,Sad
8 (116).jpg,Sad
8 (117).jpg,Sad
8 (118).jpg,Sad
8 (119).jpg,Sad
8 (12).jpg,Sad
8 (120).jpg,Sad
8 (121).jpg,Sad
8 (122).jpg,Sad
8 (123).jpg,Sad
8 (124).jpg,Sad
8 (125).jpg,Sad
8 (126).jpg,Sad
8 (127).jpg,Sad
8 (128).jpg,Sad
8 (129).jpg,Sad
8 (13).jpg,Sad
8 (130).jpg,Sad
8 (131).jpg,Sad
8 (132).jpg,Sad
8 (133).jpg,Sad
8 (134).jpg,Sad
8 (135).jpg,Sad
8 (136).jpg,Sad
8 (137).jpg,Sad
8 (138).jpg,Sad
8 (139).jpg,Sad
8 (14).jpg,Sad
8 (140).jpg,Sad
8 (141).jpg,Sad
8 (142).jpg,Sad
8 (143).jpg,Sad
8 (144).jpg,Sad
8 (145).jpg,Sad
8 (146).jpg,Sad
8 (147).jpg,Sad
8 (148).jpg,Sad
8 (149).jpg,Sad
8 (15).jpg,Sad
8 (150).jpg,Sad
8 (151).jpg,Sad
8 (152).jpg,Sad
8 (153).jpg,Sad
8 (154).jpg,Sad
8 (155).jpg,Sad
8 (156).jpg,Sad
8 (157).jpg,Sad
8 (158).jpg,Sad
8 (159).jpg,Sad
8 (16).jpg,Sad
8 (160).jpg,Sad
8 (161).jpg,Sad
8 (162).jpg,Sad
8 (163).jpg,Sad
8 (164).jpg,Sad
8 (165).jpg,Sad
8 (166).jpg,Sad
8 (167).jpg,Sad
8 (168).jpg,Sad
8 (169).jpg,Sad
8 (17).jpg,Sad
8 (170).jpg,Sad
8 (171).jpg,Sad
8 (172).jpg,Sad
8 (173).jpg,Sad
8 (174).jpg,Sad
8 (175).jpg,Sad
8 (176).jpg,Sad
8 (177).jpg,Sad
8 (178).jpg,Sad
8 (179).jpg,Sad
8 (18).jpg,Sad
8 (180).jpg,Sad
8 (181).jpg,Sad
8 (182).jpg,Sad
8 (183).jpg,Sad
8 (184).jpg,Sad
8 (185).jpg,Sad
8 (186).jpg,Sad
8 (187).jpg,Sad
8 (188).jpg,Sad
8 (189).jpg,Sad
8 (19).jpg,Sad
8 (190).jpg,Sad
8 (191).jpg,Sad
8 (192).jpg,Sad
8 (193).jpg,Sad
8 (194).jpg,Sad
8 (195).jpg,Sad
8 (196).jpg,Sad
8 (197).jpg,Sad
8 (198).jpg,Sad
8 (199).jpg,Sad
8 (2).jpg,Sad
8 (20).jpg,Sad
8 (200).jpg,Sad
8 (201).jpg,Sad
8 (202).jpg,Sad
8 (203).jpg,Sad
8 (204).jpg,Sad
8 (205).jpg,Sad
8 (206).jpg,Sad
8 (207).jpg,Sad
8 (208).jpg,Sad
8 (209).jpg,Sad
8 (21).jpg,Sad
8 (210).jpg,Sad
8 (211).jpg,Sad
8 (212).jpg,Sad
8 (213).jpg,Sad
8 (214).jpg,Sad
8 (215).jpg,Sad
8 (216).jpg,Sad
8 (217).jpg,Sad
8 (218).jpg,Sad
8 (219).jpg,Sad
8 (22).jpg,Sad
8 (220).jpg,Sad
8 (221).jpg,Sad
8 (222).jpg,Sad
8 (223).jpg,Sad
8 (224).jpg,Sad
8 (225).jpg,Sad
8 (226).jpg,Sad
8 (227).jpg,Sad
8 (228).jpg,Sad
8 (229).jpg,Sad
8 (23).jpg,Sad
8 (230).jpg,Sad
8 (231).jpg,Sad
8 (232).jpg,Sad
8 (233).jpg,Sad
8 (234).jpg,Sad
8 (235).jpg,Sad
8 (236).jpg,Sad
8 (237).jpg,Sad
8 (238).jpg,Sad
8 (239).jpg,Sad
8 (24).jpg,Sad
8 (240).jpg,Sad
8 (241).jpg,Sad
8 (242).jpg,Sad
8 (243).jpg,Sad
8 (244).jpg,Sad
8 (245).jpg,Sad
8 (246).jpg,Sad
8 (247).jpg,Sad
8 (248).jpg,Sad
8 (249).jpg,Sad
8 (25).jpg,Sad
8 (250).jpg,Sad
8 (26).jpg,Sad
8 (27).jpg,Sad
8 (28).jpg,Sad
8 (29).jpg,Sad
8 (3).jpg,Sad
8 (30).jpg,Sad
8 (31).jpg,Sad
8 (32).jpg,Sad
8 (33).jpg,Sad
8 (34).jpg,Sad
8 (35).jpg,Sad
8 (36).jpg,Sad
8 (37).jpg,Sad
8 (38).jpg,Sad
8 (39).jpg,Sad
8 (4).jpg,Sad
8 (40).jpg,Sad
8 (41).jpg,Sad
8 (42).jpg,Sad
8 (43).jpg,Sad
8 (44).jpg,Sad
8 (45).jpg,Sad
8 (46).jpg,Sad
8 (47).jpg,Sad
8 (48).jpg,Sad
8 (49).jpg,Sad
8 (5).jpg,Sad
8 (50).jpg,Sad
8 (51).jpg,Sad
8 (52).jpg,Sad
8 (53).jpg,Sad
8 (54).jpg,Sad
8 (55).jpg,Sad
8 (56).jpg,Sad
8 (57).jpg,Sad
8 (58).jpg,Sad
8 (59).jpg,Sad
8 (6).jpg,Sad
8 (60).jpg,Sad
8 (61).jpg,Sad
8 (62).jpg,Sad
8 (63).jpg,Sad
8 (64).jpg,Sad
8 (65).jpg,Sad
8 (66).jpg,Sad
8 (67).jpg,Sad
8 (68).jpg,Sad
8 (69).jpg,Sad
8 (7).jpg,Sad
8 (70).jpg,Sad
8 (71).jpg,Sad
8 (72).jpg,Sad
8 (73).jpg,Sad
8 (74).jpg,Sad
8 (75).jpg,Sad
8 (76).jpg,Sad
8 (77).jpg,Sad
8 (78).jpg,Sad
8 (79).jpg,Sad
8 (8).jpg,Sad
8 (80).jpg,Sad
8 (81).jpg,Sad
8 (82).jpg,Sad
8 (83).jpg,Sad
8 (84).jpg,Sad
8 (85).jpg,Sad
8 (86).jpg,Sad
8 (87).jpg,Sad
8 (88).jpg,Sad
8 (89).jpg,Sad
8 (9).jpg,Sad
8 (90).jpg,Sad
8 (91).jpg,Sad
8 (92).jpg,Sad
8 (93).jpg,Sad
8 (94).jpg,Sad
8 (95).jpg,Sad
8 (96).jpg,Sad
8 (97).jpg,Sad
8 (98).jpg,Sad
8 (99).jpg,Sad
aug-169-38.jpg,Unknown
aug-170-39.jpg,Unknown
aug-171-40.jpg,Unknown
aug-172-41.jpg,Unknown
aug-173-42.jpg,Unknown
aug-174-43.jpg,Unknown
aug-175-45.jpg,Unknown
aug-176-46.jpg,Unknown
aug-177-48.jpg,Unknown
aug-178-49.jpg,Unknown
aug-179-51.jpg,Unknown
aug-180-52.jpg,Unknown
aug-181-53.jpg,Unknown
aug-182-54.jpg,Unknown
aug-183-55.jpg,Unknown
aug-184-56.jpg,Unknown
aug-185-57.jpg,Unknown
aug-186-58.jpg,Unknown
aug-187-59.jpg,Unknown
aug-188-02.jpg,Unknown
aug-189-03.jpg,Unknown
aug-190-04.jpg,Unknown
aug-191-05.jpg,Unknown
aug-192-07.jpg,Unknown
aug-193-08.jpg,Unknown
aug-194-10.jpg,Unknown
aug-195-12.jpg,Unknown
aug-196-13.jpg,Unknown
aug-197-15.jpg,Unknown
aug-198-16.jpg,Unknown
aug-199-19.jpg,Unknown
aug-200-20.jpg,Unknown
aug-201-21.jpg,Unknown
aug-202-23.jpg,Unknown
07.jpg,Unknown
13.jpg,Angry
15.jpg,Angry
34.jpg,Other
40.jpg,Sad
44.jpg,Sad
64.jpg,Happy
66.jpg,Happy
88.jpg,Sad
010.jpg,Unknown
014.jpg,Unknown
033.jpg,Unknown
042.jpg,Unknown
046.jpg,Unknown
059.jpg,Unknown
082.jpg,Unknown
087.jpg,Unknown
091.jpg,Unknown
104.jpg,Angry
109.jpg,Angry
06.jpg,Unknown
11.jpg,Angry
17.jpg,Angry
22.jpg,Happy
44.jpg,Sad
50.jpg,Angry
015.jpg,Unknown
020.jpg,Unknown
027.jpg,Unknown
030.jpg,Unknown
034.jpg,Unknown
043.jpg,Unknown
049.jpg,Unknown
068.jpg,Unknown
074.jpg,Unknown
097.jpg,Unknown
